<?xml version="1.0" encoding="UTF-8"?>
<!--
==================================================
Copyright [2021] [HCL Technologies]

Licensed under the Apache License, Version 2.0 (the "License");
you may not use this file except in compliance with the License.
You may obtain a copy of the License at

    http://www.apache.org/licenses/LICENSE-2.0

Unless required by applicable law or agreed to in writing, software
distributed under the License is distributed on an "AS IS" BASIS,
WITHOUT WARRANTIES OR CONDITIONS OF ANY KIND, either express or implied.
See the License for the specific language governing permissions and
limitations under the License.
==================================================
-->
<!-- ===================================================================================================
  This file Should NOT be changed.

  This files defines the payment actions when the order is canceled.
==================================================================================================== -->

<PaymentActions
	xmlns:xsi="http://www.w3.org/2001/XMLSchema-instance"
	xsi:noNamespaceSchemaLocation="com/ibm/commerce/edp/parsers/PaymentActions.xsd">

	<TargetDNE>

		<CurrentDNE>
		    <Action name="ConsumeAmount" msg="Target DNE; current DNE"/>
		</CurrentDNE>
		
		<CurrentApproved>
			<Action name="ReverseApproval" amount="existing" msg="Target DNE; current Approved"/>
		</CurrentApproved>

		<CurrentDeposited>
			<Action name="ConsumeAmount" msg="Target DNE; current Deposited"/>
		</CurrentDeposited>


	</TargetDNE>
	
</PaymentActions>
